category,lambda_implied,first_stage_r2,beta_iv,beta_ols,beta_iv_se,sigma_xi,rho,n_obs,first_stage_f,weak_iv
CSO,0.0,0.592886681948821,-1.5132539847330089,-1.6680456900904583,0.012374376316813672,0.6003555219186593,0.2561058061683654,5498940,7960601.339982022,False
RFJ,0.0,0.23280010778219298,-2.226278114174868,-2.8045716846135362,0.020167545903091277,0.6547208858193719,0.2615823199751987,2156504,649163.7379443955,False
BER,0.0,0.10992941936416903,-2.5120523559504093,-3.520346589680496,0.06319363351393628,0.6511868073599418,0.2690230579118828,1965688,239107.66285577373,False
FRJ,0.0,0.2083513213034432,-1.411472237140509,-2.528115461924198,0.03694484190986569,0.7869372835367607,0.3046433139848069,2342772,612974.2160097063,False
OAT,0.030361178654407198,0.3949961725908427,-2.3366093965499903,-2.0354507529873995,0.01959983074648347,0.5631998218962098,0.22114751450843903,969968,628455.8271539068,False
